Epoch,Train_Loss,Train_accuracy,Validation_Loss,Val_accuracy
1,0.6440430283546448,69.57046503372382,1.8968364000320435,68.3493077742279
