Epoch,Train_Loss,Train_accuracy,Validation_Loss,Val_accuracy
1,0.6619203686714172,53.13454029108981,2.0417401790618896,53.205537806176785
