Epoch,Train_Loss,Train_accuracy,Validation_Loss,Val_accuracy
1,0.6345365643501282,59.21902733404331,1.9642126560211182,58.76464323748669
